{
    "sources": [
        {
            "DOI": "10.1038/srep00196",
            "ISSN": "2045-2322",
            "URL": "https://www.nature.com/articles/srep00196",
            "abstract": "The cultural diversity of culinary practice, as illustrated by the variety of regional cuisines, raises the question of whether there are any general patterns that determine the ingredient combinations used in food today or principles that transcend individual tastes and recipes. We introduce a flavor network that captures the flavor compounds shared by culinary ingredients. Western cuisines show a tendency to use ingredient pairs that share many flavor compounds, supporting the so-called food pairing hypothesis. By contrast, East Asian cuisines tend to avoid compound sharing ingredients. Given the increasing availability of information on food preparation, our data-driven investigation opens new avenues towards a systematic understanding of culinary practice.",
            "accessed": {
                "date-parts": [
                    [
                        2021,
                        10,
                        2
                    ]
                ]
            },
            "annote": "Bandiera_abtest: a Cc_license_type: cc_y Cg_type: Nature Research Journals Primary_atype: Research Subject_term: Applied physics;Statistical physics, thermodynamics and nonlinear dynamics;Statistics;Systems biology Subject_term_id: applied-physics;statistical-physics-thermodynamics-and-nonlinear-dynamics;statistics;systems-biology",
            "author": [
                {
                    "family": "Ahn",
                    "given": "Yong-Yeol"
                },
                {
                    "family": "Ahnert",
                    "given": "Sebastian E."
                },
                {
                    "family": "Bagrow",
                    "given": "James P."
                },
                {
                    "family": "Barabási",
                    "given": "Albert-László"
                }
            ],
            "container-title": "Scientific Reports",
            "container-title-short": "Sci Rep",
            "id": "ahn_flavor_2011",
            "issue": "1, 1",
            "issued": {
                "date-parts": [
                    [
                        2011,
                        12,
                        15
                    ]
                ]
            },
            "language": "en-US",
            "page": "196",
            "publisher": "Nature Publishing Group",
            "title": "Flavor network and the principles of food pairing",
            "type": "article-journal",
            "volume": "1"
        },
        {
            "DOI": "10.1177/1461444816676645",
            "ISSN": "1461-4448, 1461-7315",
            "URL": "http://journals.sagepub.com/doi/10.1177/1461444816676645",
            "abstract": "Models for understanding and holding systems accountable have long rested upon ideals and logics of transparency. Being able to see a system is sometimes equated with being able to know how it works and govern it—a pattern that recurs in recent work about transparency and computational systems. But can “black boxes’ ever be opened, and if so, would that ever be sufficient? In this article, we critically interrogate the ideal of transparency, trace some of its roots in scientific and sociotechnical epistemological cultures, and present 10 limitations to its application. We specifically focus on the inadequacy of transparency for understanding and governing algorithmic systems and sketch an alternative typology of algorithmic accountability grounded in constructive engagements with the limitations of transparency ideals.",
            "accessed": {
                "date-parts": [
                    [
                        2022,
                        3,
                        23
                    ]
                ]
            },
            "author": [
                {
                    "family": "Ananny",
                    "given": "Mike"
                },
                {
                    "family": "Crawford",
                    "given": "Kate"
                }
            ],
            "container-title": "New Media & Society",
            "container-title-short": "New Media & Society",
            "id": "ananny_seeing_2018",
            "issue": "3",
            "issued": {
                "date-parts": [
                    [
                        2018,
                        3
                    ]
                ]
            },
            "keyword": "algorithm accountability,algorithm application bias,algorithm training bias,algorithm transparency",
            "language": "en-US",
            "page": "973-989",
            "title": "Seeing without knowing: Limitations of the transparency ideal and its application to algorithmic accountability",
            "title-short": "Seeing without knowing",
            "type": "article-journal",
            "volume": "20"
        },
        {
            "author": [
                {
                    "family": "Wei",
                    "given": "Vicky"
                },
                {
                    "family": "Stephenson",
                    "given": "Teresa"
                }
            ],
            "id": "wei_algorithmic_nodate",
            "language": "en-US",
            "page": "28",
            "title": "Algorithmic Discrimination White Paper",
            "type": "article-journal"
        }
    ],
    "project_biblios": []
}